{
  "timestamp": "2026-04-19T09:25:54.141805",
  "iteration": 18,
  "portfolio_value": 10000.0,
  "trades_count": 0,
  "pnl": 0.0,
  "running_hours": 8.500000063333333
}