{
  "timestamp": "2026-04-19T04:55:53.871017",
  "iteration": 9,
  "portfolio_value": 10000.0,
  "trades_count": 0,
  "pnl": 0.0,
  "running_hours": 4.000000064166667
}