{
  "timestamp": "2026-04-19T07:25:54.257937",
  "iteration": 14,
  "portfolio_value": 10000.0,
  "trades_count": 0,
  "pnl": 0.0,
  "running_hours": 6.500000063055555
}