{
  "timestamp": "2026-04-19T10:25:53.994237",
  "iteration": 20,
  "portfolio_value": 10000.0,
  "trades_count": 0,
  "pnl": 0.0,
  "running_hours": 9.50000005361111
}