{
  "timestamp": "2026-04-19T00:55:53.561675",
  "iteration": 1,
  "portfolio_value": 10000.0,
  "trades_count": 0,
  "pnl": 0.0,
  "running_hours": 1.3416666666666667e-07
}