{
  "timestamp": "2026-04-19T09:55:54.091132",
  "iteration": 19,
  "portfolio_value": 10000.0,
  "trades_count": 0,
  "pnl": 0.0,
  "running_hours": 9.000000061944444
}