{
  "timestamp": "2026-04-19T08:55:53.782340",
  "iteration": 17,
  "portfolio_value": 10000.0,
  "trades_count": 0,
  "pnl": 0.0,
  "running_hours": 8.000000062222222
}