{
  "timestamp": "2026-04-19T03:25:53.953318",
  "iteration": 6,
  "portfolio_value": 10000.0,
  "trades_count": 0,
  "pnl": 0.0,
  "running_hours": 2.5000000633333337
}