{
  "timestamp": "2026-04-19T06:25:53.648575",
  "iteration": 12,
  "portfolio_value": 10000.0,
  "trades_count": 0,
  "pnl": 0.0,
  "running_hours": 5.500000065
}