{
  "timestamp": "2026-04-19T00:46:55.142565",
  "iteration": 3,
  "portfolio_value": 10000.0,
  "trades_count": 0,
  "pnl": 0,
  "running_hours": 0.03417249333333333
}