{
  "timestamp": "2026-04-19T06:55:53.509171",
  "iteration": 13,
  "portfolio_value": 10000.0,
  "trades_count": 0,
  "pnl": 0.0,
  "running_hours": 6.000000063333333
}