{
  "timestamp": "2026-04-19T07:55:53.789944",
  "iteration": 15,
  "portfolio_value": 10000.0,
  "trades_count": 0,
  "pnl": 0.0,
  "running_hours": 7.000000069166667
}