{
  "timestamp": "2026-04-19T05:25:53.537234",
  "iteration": 10,
  "portfolio_value": 10000.0,
  "trades_count": 0,
  "pnl": 0.0,
  "running_hours": 4.500000058888889
}