{
  "timestamp": "2026-04-19T03:55:53.663640",
  "iteration": 7,
  "portfolio_value": 10000.0,
  "trades_count": 0,
  "pnl": 0.0,
  "running_hours": 3.000000068888889
}