{
  "timestamp": "2026-04-19T05:55:53.797807",
  "iteration": 11,
  "portfolio_value": 10000.0,
  "trades_count": 0,
  "pnl": 0.0,
  "running_hours": 5.000000059166666
}