{
  "timestamp": "2026-04-19T00:45:53.935117",
  "iteration": 2,
  "portfolio_value": 10000.0,
  "trades_count": 0,
  "pnl": 0,
  "running_hours": 0.01717074
}