{
  "timestamp": "2026-04-19T08:25:53.559073",
  "iteration": 16,
  "portfolio_value": 10000.0,
  "trades_count": 0,
  "pnl": 0.0,
  "running_hours": 7.500000060277778
}