{
  "timestamp": "2026-04-19T01:25:53.641692",
  "iteration": 2,
  "portfolio_value": 10000.0,
  "trades_count": 0,
  "pnl": 0.0,
  "running_hours": 0.5000000625
}